State,Month,Units_Consumed,Bill
Karnataka,Aug,232,1074.0
Maharashtra,Dec,290,1590.0
Karnataka,Feb,201,857.0
Delhi,May,376,1818.0
Maharashtra,Jun,338,1954.0
Maharashtra,May,60,290.0
Karnataka,May,300,1550.0
Delhi,May,230,1015.0
Karnataka,Oct,500,2950.0
Maharashtra,Aug,291,1596.0
Tamil Nadu,Feb,419,1564.0
Karnataka,Jul,98,344.0
Delhi,Oct,95,382.5
Maharashtra,Mar,554,3682.0
Tamil Nadu,Dec,258,811.0
Tamil Nadu,Dec,370,1315.0
Tamil Nadu,Dec,77,242.5
Karnataka,Nov,148,590.0
Karnataka,Aug,126,480.0
Karnataka,Jan,592,3594.0
Tamil Nadu,Oct,490,1990.0
Delhi,Nov,294,1367.0
Delhi,Jun,356,1708.0
Karnataka,Jan,99,347.0
Karnataka,Dec,515,3055.0
Maharashtra,May,178,918.0
Tamil Nadu,Jul,326,1117.0
Delhi,Jun,450,2300.0
Maharashtra,Jan,437,2746.0
Tamil Nadu,Jan,81,252.5
Karnataka,Mar,377,2089.0
Delhi,Jan,134,519.0
Delhi,Sep,507,2699.0
Tamil Nadu,Jul,222,649.0
Maharashtra,Jan,190,990.0
Delhi,Apr,342,1631.0
Maharashtra,Feb,169,864.0
Karnataka,May,290,1480.0
Tamil Nadu,May,249,770.5
Delhi,Apr,273,1251.5
Maharashtra,Mar,422,2626.0
Maharashtra,Mar,439,2762.0
Delhi,Apr,219,954.5
Karnataka,Aug,301,1557.0
Maharashtra,Oct,76,354.0
Delhi,Mar,528,2846.0
Delhi,May,107,424.5
Delhi,Jun,319,1504.5
Tamil Nadu,Jul,401,1456.0
Karnataka,Mar,113,415.0
Delhi,Dec,60,260.0
Tamil Nadu,Nov,564,2434.0
Maharashtra,Jul,267,1452.0
Tamil Nadu,May,279,905.5
Tamil Nadu,Aug,50,175.0
Tamil Nadu,Jun,467,1852.0
Delhi,Mar,76,316.0
Maharashtra,Jul,511,3338.0
Tamil Nadu,Jan,258,811.0
Maharashtra,Dec,251,1356.0
Maharashtra,Mar,204,1074.0
Tamil Nadu,Nov,443,1708.0
Maharashtra,Apr,326,1858.0
Maharashtra,Jun,327,1866.0
Karnataka,Dec,124,470.0
Maharashtra,Oct,129,624.0
Delhi,Sep,459,2363.0
Delhi,May,517,2769.0
Maharashtra,Aug,200,1050.0
Tamil Nadu,Jan,413,1528.0
Maharashtra,Aug,431,2698.0
Maharashtra,Sep,473,3034.0
Tamil Nadu,Oct,258,811.0
Tamil Nadu,Sep,504,2074.0
Tamil Nadu,Nov,123,357.5
Delhi,Dec,319,1504.5
Karnataka,Mar,176,730.0
Maharashtra,Dec,289,1584.0
Maharashtra,Apr,402,2466.0
Delhi,Aug,305,1427.5
Tamil Nadu,Feb,86,265.0
Delhi,Jul,129,501.5
Karnataka,Nov,61,233.0
Maharashtra,Feb,119,564.0
Karnataka,Jan,495,2915.0
Tamil Nadu,Feb,300,1000.0
Maharashtra,Jul,344,2002.0
Maharashtra,Oct,122,582.0
Maharashtra,May,224,1194.0
Tamil Nadu,Jun,258,811.0
Karnataka,Apr,441,2537.0
Maharashtra,Nov,266,1446.0
Delhi,Feb,574,3168.0
Karnataka,Mar,148,590.0
Karnataka,Mar,165,675.0
Delhi,Jul,182,751.0
Maharashtra,Feb,190,990.0
Karnataka,Mar,301,1557.0
Tamil Nadu,Mar,64,210.0
Maharashtra,Aug,132,642.0
Maharashtra,May,348,2034.0
Karnataka,May,562,3384.0
Delhi,May,501,2657.0
Delhi,Apr,565,3105.0
Maharashtra,Aug,331,1898.0
Maharashtra,Jan,517,3386.0
Delhi,Nov,534,2888.0
Delhi,Jan,577,3189.0
Delhi,Oct,90,365.0
Maharashtra,Sep,336,1938.0
Delhi,Nov,212,916.0
Karnataka,Nov,257,1249.0
Maharashtra,Jan,56,274.0
Delhi,Jan,346,1653.0
Karnataka,Aug,360,1970.0
Tamil Nadu,Mar,335,1157.5
Karnataka,Sep,589,3573.0
Karnataka,Dec,246,1172.0
Maharashtra,Jan,241,1296.0
Delhi,Apr,237,1053.5
Maharashtra,Nov,379,2282.0
Delhi,Jan,464,2398.0
Tamil Nadu,Sep,220,640.0
Delhi,Aug,66,281.0
Delhi,Dec,432,2174.0
Tamil Nadu,Dec,130,375.0
Delhi,Sep,265,1207.5
Maharashtra,Mar,418,2594.0
Delhi,Sep,481,2517.0
Tamil Nadu,Nov,82,255.0
Delhi,Dec,241,1075.5
Maharashtra,Nov,116,546.0
Delhi,Dec,72,302.0
Maharashtra,Oct,79,366.0
Tamil Nadu,Jan,422,1582.0
Delhi,Feb,63,270.5
Karnataka,Apr,177,735.0
Maharashtra,Jul,55,270.0
Karnataka,Sep,140,550.0
Delhi,Aug,295,1372.5
Tamil Nadu,Jun,328,1126.0
Delhi,May,104,414.0
Maharashtra,Apr,323,1834.0
Tamil Nadu,Oct,551,2356.0
Maharashtra,May,159,804.0
Maharashtra,May,308,1714.0
Maharashtra,Oct,257,1392.0
Maharashtra,Apr,534,3522.0
Karnataka,Mar,217,969.0
Delhi,May,315,1482.5
Tamil Nadu,Jun,361,1274.5
Maharashtra,Sep,526,3458.0
Karnataka,Nov,90,320.0
Maharashtra,Apr,436,2738.0
Delhi,Sep,184,762.0
Maharashtra,Jan,427,2666.0
Maharashtra,Jul,575,3850.0
Karnataka,Aug,515,3055.0
Maharashtra,Feb,424,2642.0
Maharashtra,Jun,156,786.0
Karnataka,Jun,437,2509.0
Delhi,Nov,209,899.5
Karnataka,Mar,51,203.0
Karnataka,Feb,90,320.0
Tamil Nadu,Oct,451,1756.0
Tamil Nadu,Jun,113,332.5
Maharashtra,Oct,380,2290.0
Delhi,Aug,500,2650.0
Delhi,Jul,51,228.5
Tamil Nadu,Feb,513,2128.0
Tamil Nadu,Nov,469,1864.0
Delhi,Jan,110,435.0
Delhi,Feb,147,564.5
Karnataka,Dec,218,976.0
Maharashtra,Jun,492,3186.0
Delhi,Jun,233,1031.5
Tamil Nadu,Apr,338,1171.0
Tamil Nadu,Oct,335,1157.5
Karnataka,Oct,536,3202.0
Karnataka,Dec,527,3139.0
Tamil Nadu,Nov,280,910.0
Karnataka,Jul,472,2754.0
Delhi,Jul,300,1400.0
Delhi,Jun,178,729.0
Tamil Nadu,Jul,76,240.0
Tamil Nadu,Mar,91,277.5
Karnataka,Jan,414,2348.0
Delhi,Jun,475,2475.0
Maharashtra,Apr,461,2938.0
Karnataka,Jul,372,2054.0
Tamil Nadu,Apr,271,869.5
Maharashtra,Jul,393,2394.0
Karnataka,May,388,2166.0
Maharashtra,Feb,154,774.0
Tamil Nadu,Feb,323,1103.5
Delhi,Nov,72,302.0
Delhi,Jul,570,3140.0
Delhi,Jan,374,1807.0
Tamil Nadu,Feb,242,739.0
Tamil Nadu,May,457,1792.0
Tamil Nadu,Mar,261,824.5
Delhi,Jun,481,2517.0
Karnataka,Jun,164,670.0
Maharashtra,Oct,75,350.0
Tamil Nadu,Dec,557,2392.0
Tamil Nadu,Jun,55,187.5
Tamil Nadu,Jul,212,604.0
Karnataka,Oct,338,1816.0
Maharashtra,Nov,299,1644.0
Karnataka,Jan,479,2803.0
Maharashtra,Mar,311,1738.0
Tamil Nadu,Sep,218,631.0
Maharashtra,Dec,500,3250.0
Delhi,Jul,226,993.0
Delhi,Aug,592,3294.0
Delhi,Mar,223,976.5
Karnataka,Sep,65,245.0
Maharashtra,Feb,382,2306.0
Maharashtra,Nov,240,1290.0
Maharashtra,Jul,432,2706.0
Delhi,May,510,2720.0
Karnataka,Jun,479,2803.0
Karnataka,Apr,236,1102.0
Karnataka,Dec,520,3090.0
Delhi,Oct,448,2286.0
Tamil Nadu,Jun,520,2170.0
Tamil Nadu,Feb,153,432.5
Maharashtra,May,137,672.0
Delhi,May,545,2965.0
Karnataka,Jan,287,1459.0
Maharashtra,Mar,487,3146.0
Karnataka,Jun,105,375.0
Maharashtra,Feb,569,3802.0
Tamil Nadu,Feb,376,1342.0
Karnataka,Oct,240,1130.0
Tamil Nadu,Sep,551,2356.0
Tamil Nadu,Aug,191,527.5
Delhi,Aug,528,2846.0
Delhi,Jun,267,1218.5
Delhi,Dec,192,806.0
Delhi,Nov,544,2958.0
Maharashtra,Feb,145,720.0
Karnataka,Mar,318,1676.0
Delhi,Feb,497,2629.0
Delhi,Jan,153,591.5
Delhi,Jan,392,1906.0
Tamil Nadu,Sep,267,851.5
Karnataka,Jul,545,3265.0
Tamil Nadu,Aug,454,1774.0
Delhi,Aug,419,2083.0
Karnataka,Jun,316,1662.0
Maharashtra,Jun,70,330.0
Karnataka,Aug,127,485.0
Maharashtra,Feb,239,1284.0
Tamil Nadu,Nov,557,2392.0
Tamil Nadu,Mar,471,1876.0
Karnataka,May,377,2089.0
Tamil Nadu,Oct,123,357.5
Delhi,Feb,278,1279.0
Delhi,Jun,249,1119.5
Tamil Nadu,Jul,133,382.5
Maharashtra,Oct,249,1344.0
Maharashtra,Mar,160,810.0
Delhi,Sep,509,2713.0
Delhi,Oct,325,1537.5
Maharashtra,Nov,578,3874.0
Karnataka,Apr,412,2334.0
Tamil Nadu,Jul,339,1175.5
Maharashtra,May,56,274.0
Karnataka,Oct,520,3090.0
Maharashtra,Sep,498,3234.0
Maharashtra,Jul,449,2842.0
Maharashtra,Oct,307,1706.0
Maharashtra,Oct,403,2474.0
Maharashtra,Apr,79,366.0
Delhi,Jun,399,1944.5
Karnataka,Oct,193,815.0
Karnataka,Dec,224,1018.0
Delhi,Feb,335,1592.5
Delhi,Feb,128,498.0
Karnataka,Mar,442,2544.0
Delhi,Oct,231,1020.5
Delhi,May,271,1240.5
Delhi,Feb,87,354.5
Karnataka,Jul,99,347.0
Maharashtra,Aug,378,2274.0
Maharashtra,Aug,421,2618.0
Delhi,Apr,194,817.0
Delhi,May,410,2020.0
Tamil Nadu,Feb,439,1684.0
Karnataka,Nov,536,3202.0
Tamil Nadu,Aug,244,748.0
Karnataka,Jan,163,665.0
Tamil Nadu,Mar,419,1564.0
Karnataka,Jan,161,655.0
Tamil Nadu,Jan,595,2620.0
Karnataka,Sep,77,281.0
Karnataka,May,169,695.0
Delhi,Sep,229,1009.5
Karnataka,Feb,497,2929.0
Delhi,Jul,151,580.5
Karnataka,Jan,586,3552.0
Karnataka,Apr,326,1732.0
Maharashtra,Jul,488,3154.0
Maharashtra,Dec,139,684.0
Karnataka,Apr,582,3524.0
Maharashtra,Jul,138,678.0
Delhi,Nov,529,2853.0
Tamil Nadu,Dec,394,1423.0
Tamil Nadu,May,125,362.5
Karnataka,Nov,332,1774.0
Delhi,Nov,243,1086.5
Karnataka,Jun,341,1837.0
Karnataka,Feb,511,3027.0
Karnataka,Apr,362,1984.0
Maharashtra,Sep,59,286.0
Delhi,Jan,486,2552.0
Karnataka,Jul,496,2922.0
Delhi,Dec,530,2860.0
Delhi,May,92,372.0
Karnataka,Aug,309,1613.0
Maharashtra,Nov,557,3706.0
Tamil Nadu,Sep,61,202.5
Tamil Nadu,Mar,404,1474.0
Maharashtra,Mar,474,3042.0
Maharashtra,Mar,226,1206.0
Maharashtra,Nov,227,1212.0
Maharashtra,Apr,382,2306.0
Karnataka,May,156,630.0
Delhi,Feb,139,536.5
Delhi,Dec,299,1394.5
Karnataka,Nov,228,1046.0
Tamil Nadu,Mar,583,2548.0
Tamil Nadu,Aug,577,2512.0
Tamil Nadu,Dec,507,2092.0
Karnataka,Feb,118,440.0
Delhi,Mar,544,2958.0
Delhi,Nov,372,1796.0
Delhi,Dec,442,2244.0
Maharashtra,Aug,507,3306.0
Maharashtra,Aug,384,2322.0
Maharashtra,Apr,374,2242.0
Karnataka,Jul,365,2005.0
Maharashtra,Jul,588,3954.0
Delhi,Jun,107,424.5
Maharashtra,May,478,3074.0
Delhi,Apr,479,2503.0
Tamil Nadu,Mar,353,1238.5
Karnataka,Jan,377,2089.0
Delhi,Apr,599,3343.0
Maharashtra,Jul,470,3010.0
Delhi,Sep,194,817.0
Karnataka,Feb,556,3342.0
Maharashtra,Aug,64,306.0
Delhi,May,162,641.0
Delhi,Jul,172,696.0
Karnataka,Dec,476,2782.0
Karnataka,Aug,200,850.0
Maharashtra,Apr,510,3330.0
Maharashtra,Dec,246,1326.0
Maharashtra,Jan,193,1008.0
Delhi,Feb,299,1394.5
Karnataka,Mar,313,1641.0
Delhi,Nov,235,1042.5
Tamil Nadu,Nov,210,595.0
Maharashtra,Apr,451,2858.0
Tamil Nadu,Jun,381,1364.5
Maharashtra,Sep,574,3842.0
Delhi,Jun,584,3238.0
Delhi,Nov,523,2811.0
Karnataka,Sep,536,3202.0
Karnataka,Jun,501,2957.0
Delhi,Jan,84,344.0
Delhi,Oct,86,351.0
Maharashtra,May,473,3034.0
Tamil Nadu,Sep,375,1337.5
Maharashtra,Dec,335,1930.0
Maharashtra,Mar,274,1494.0
Maharashtra,Jun,589,3962.0
Maharashtra,Apr,195,1020.0
Delhi,Nov,546,2972.0
Delhi,Mar,102,407.0
Delhi,Nov,484,2538.0
Maharashtra,Oct,286,1566.0
Karnataka,Aug,341,1837.0
Maharashtra,Aug,206,1086.0
Tamil Nadu,Jun,365,1292.5
Tamil Nadu,Mar,87,267.5
Tamil Nadu,Aug,75,237.5
Delhi,Jul,312,1466.0
Maharashtra,Sep,464,2962.0
Karnataka,Apr,263,1291.0
Maharashtra,May,218,1158.0
Maharashtra,Apr,230,1230.0
Karnataka,May,444,2558.0
Karnataka,Sep,481,2817.0
Tamil Nadu,Oct,102,305.0
Maharashtra,Jun,567,3786.0
Karnataka,May,535,3195.0
Karnataka,Apr,347,1879.0
Karnataka,Mar,382,2124.0
Karnataka,Feb,189,795.0
Tamil Nadu,Sep,130,375.0
Maharashtra,Apr,589,3962.0
Delhi,Feb,402,1964.0
Maharashtra,Dec,404,2482.0
Tamil Nadu,Oct,356,1252.0
Karnataka,Jul,377,2089.0
Maharashtra,Apr,301,1658.0
Delhi,Dec,128,498.0
Delhi,Aug,369,1779.5
Maharashtra,Oct,353,2074.0
Karnataka,Sep,315,1655.0
Karnataka,Mar,364,1998.0
Karnataka,Feb,447,2579.0
Delhi,Aug,397,1933.5
Maharashtra,Apr,109,504.0
Delhi,Feb,187,778.5
Maharashtra,Jan,416,2578.0
Karnataka,Jul,150,600.0
Maharashtra,Jul,587,3946.0
Delhi,Nov,190,795.0
Delhi,Jul,407,1999.0
Tamil Nadu,Mar,545,2320.0
Delhi,May,470,2440.0
Maharashtra,Sep,94,426.0
Tamil Nadu,Oct,350,1225.0
Tamil Nadu,Jul,279,905.5
Delhi,Dec,510,2720.0
Delhi,Aug,413,2041.0
Maharashtra,Dec,175,900.0
Delhi,Aug,287,1328.5
Tamil Nadu,Sep,322,1099.0
Delhi,Jul,106,421.0
Tamil Nadu,Apr,367,1301.5
Maharashtra,Apr,310,1730.0
Tamil Nadu,Jan,239,725.5
Karnataka,Nov,455,2635.0
Tamil Nadu,Nov,426,1606.0
Delhi,Oct,230,1015.0
Delhi,Nov,301,1405.5
Karnataka,Oct,526,3132.0
Delhi,May,281,1295.5
Delhi,Mar,499,2643.0
Tamil Nadu,Feb,254,793.0
Karnataka,Jun,393,2201.0
Tamil Nadu,Jan,522,2182.0
Delhi,Feb,124,484.0
Tamil Nadu,Jul,231,689.5
Karnataka,Jul,441,2537.0
Karnataka,Jul,83,299.0
Delhi,Mar,420,2090.0
Delhi,Aug,185,767.5
Maharashtra,Apr,371,2218.0
Karnataka,Jul,442,2544.0
Karnataka,May,455,2635.0
Karnataka,Feb,127,485.0
Karnataka,Nov,50,200.0
Karnataka,Jul,324,1718.0
Tamil Nadu,Oct,592,2602.0
Karnataka,May,534,3188.0
Karnataka,Jan,77,281.0
Maharashtra,Dec,173,888.0
Karnataka,May,274,1368.0
Maharashtra,Nov,485,3130.0
Maharashtra,Jul,537,3546.0
Karnataka,Mar,141,555.0
Tamil Nadu,Sep,274,883.0
Maharashtra,Mar,515,3370.0
Delhi,May,248,1114.0
Karnataka,Feb,56,218.0
Tamil Nadu,Jun,569,2464.0
Delhi,May,255,1152.5
Tamil Nadu,Oct,461,1816.0
Maharashtra,May,597,4026.0
Delhi,Aug,116,456.0
Karnataka,Jul,488,2866.0
Delhi,May,332,1576.0
Maharashtra,Apr,550,3650.0
Maharashtra,Mar,349,2042.0
Maharashtra,Jun,333,1914.0
Tamil Nadu,Jun,394,1423.0
Maharashtra,Jan,137,672.0
Delhi,Jul,188,784.0
Delhi,Nov,400,1950.0
Tamil Nadu,Jul,284,928.0
Maharashtra,Aug,471,3018.0
Maharashtra,Jun,263,1428.0
Tamil Nadu,Jul,260,820.0
Tamil Nadu,Apr,547,2332.0
Delhi,Apr,526,2832.0
Tamil Nadu,Mar,225,662.5
Tamil Nadu,Nov,475,1900.0
Karnataka,Aug,254,1228.0
Karnataka,Jun,175,725.0
Karnataka,Jun,411,2327.0
Tamil Nadu,Aug,216,622.0
Tamil Nadu,Nov,191,527.5
Tamil Nadu,Sep,482,1942.0
Delhi,Dec,517,2769.0
Karnataka,Nov,90,320.0
Karnataka,Oct,90,320.0
Karnataka,Jan,444,2558.0
Maharashtra,Jan,310,1730.0
Karnataka,May,529,3153.0
Delhi,May,383,1856.5
Delhi,Oct,481,2517.0
Karnataka,Sep,495,2915.0
Delhi,Mar,509,2713.0
Maharashtra,Feb,254,1374.0
Karnataka,Aug,76,278.0
Maharashtra,Dec,543,3594.0
Karnataka,Nov,361,1977.0
Delhi,Jan,268,1224.0
Maharashtra,Jan,66,314.0
Delhi,Sep,342,1631.0
Karnataka,Jul,124,470.0
Maharashtra,Feb,392,2386.0
Maharashtra,Jul,352,2066.0
Tamil Nadu,Sep,126,365.0
Tamil Nadu,Jan,559,2404.0
Maharashtra,Jun,474,3042.0
Tamil Nadu,Dec,69,222.5
Tamil Nadu,Mar,316,1072.0
Maharashtra,Apr,222,1182.0
Maharashtra,Aug,105,480.0
Karnataka,Sep,263,1291.0
Delhi,May,495,2615.0
Karnataka,Mar,147,585.0
Tamil Nadu,Nov,334,1153.0
Karnataka,Aug,288,1466.0
Maharashtra,Jul,431,2698.0
Tamil Nadu,Sep,551,2356.0
Maharashtra,Dec,438,2754.0
Karnataka,Sep,322,1704.0
Karnataka,Apr,585,3545.0
Maharashtra,Oct,384,2322.0
Maharashtra,Aug,145,720.0
Delhi,May,204,872.0
Karnataka,Jan,582,3524.0
Karnataka,Dec,191,805.0
Delhi,Nov,589,3273.0
Karnataka,Dec,301,1557.0
Maharashtra,Mar,177,912.0
Delhi,Feb,267,1218.5
Tamil Nadu,May,159,447.5
Delhi,Mar,461,2377.0
Karnataka,Apr,150,600.0
Tamil Nadu,Dec,383,1373.5
Tamil Nadu,Dec,197,542.5
Karnataka,Nov,543,3251.0
Tamil Nadu,Jun,131,377.5
Tamil Nadu,Dec,570,2470.0
Maharashtra,Oct,137,672.0
Karnataka,Jan,569,3433.0
Maharashtra,Dec,67,318.0
Tamil Nadu,Oct,456,1786.0
Delhi,Sep,343,1636.5
Karnataka,Jan,159,645.0
Delhi,Sep,258,1169.0
Tamil Nadu,Apr,151,427.5
Tamil Nadu,Jun,104,310.0
Delhi,Feb,249,1119.5
Tamil Nadu,Aug,69,222.5
Tamil Nadu,Nov,260,820.0
Delhi,Jan,544,2958.0
Tamil Nadu,Dec,550,2350.0
Maharashtra,Jul,166,846.0
Tamil Nadu,Mar,467,1852.0
Maharashtra,Mar,218,1158.0
Tamil Nadu,Jun,589,2584.0
Karnataka,Feb,502,2964.0
Delhi,Dec,576,3182.0
Delhi,Sep,315,1482.5
Delhi,Sep,175,712.5
Karnataka,Jan,324,1718.0
Karnataka,Mar,89,317.0
Maharashtra,Dec,290,1590.0
Maharashtra,Oct,100,450.0
Tamil Nadu,Jan,186,515.0
Delhi,Dec,554,3028.0
Tamil Nadu,Jul,589,2584.0
Delhi,Dec,193,811.5
Maharashtra,Jan,59,286.0
Tamil Nadu,Mar,217,626.5
Delhi,Oct,94,379.0
Delhi,Aug,538,2916.0
Delhi,Sep,205,877.5
Delhi,Feb,229,1009.5
Delhi,Mar,537,2909.0
Tamil Nadu,Dec,197,542.5
Maharashtra,Feb,399,2442.0
Tamil Nadu,Sep,367,1301.5
Maharashtra,Dec,196,1026.0
Maharashtra,Jul,558,3714.0
Delhi,Aug,172,696.0
Tamil Nadu,Jan,441,1696.0
Karnataka,Mar,578,3496.0
Maharashtra,Dec,554,3682.0
Tamil Nadu,Jun,58,195.0
Tamil Nadu,Oct,293,968.5
Tamil Nadu,Apr,550,2350.0
Delhi,Oct,277,1273.5
Maharashtra,Jan,103,468.0
Karnataka,Jan,527,3139.0
Delhi,Feb,270,1235.0
Tamil Nadu,Sep,579,2524.0
Maharashtra,Oct,428,2674.0
Maharashtra,Dec,285,1560.0
Maharashtra,Feb,369,2202.0
Maharashtra,Jan,499,3242.0
Tamil Nadu,May,587,2572.0
Delhi,Dec,332,1576.0
Delhi,Apr,252,1136.0
Tamil Nadu,Jul,324,1108.0
Delhi,Apr,94,379.0
Maharashtra,Oct,567,3786.0
Maharashtra,Jun,225,1200.0
Maharashtra,Jul,324,1842.0
Delhi,Oct,78,323.0
Karnataka,Jan,117,435.0
Tamil Nadu,Sep,436,1666.0
Tamil Nadu,Dec,459,1804.0
Tamil Nadu,Aug,107,317.5
Maharashtra,Jan,207,1092.0
Maharashtra,Feb,439,2762.0
Maharashtra,Jan,165,840.0
Karnataka,Feb,333,1781.0
Delhi,Dec,282,1301.0
Delhi,Nov,324,1532.0
Tamil Nadu,Dec,139,397.5
Delhi,Dec,144,554.0
Karnataka,Mar,385,2145.0
Maharashtra,Jul,191,996.0
Maharashtra,Sep,143,708.0
Tamil Nadu,Apr,514,2134.0
Karnataka,Apr,144,570.0
Maharashtra,May,512,3346.0
Tamil Nadu,Feb,337,1166.5
Karnataka,Jun,425,2425.0
Karnataka,Jan,515,3055.0
Delhi,Feb,590,3280.0
Maharashtra,Dec,163,828.0
Delhi,Apr,286,1323.0
Delhi,Dec,78,323.0
Delhi,Aug,129,501.5
Maharashtra,Jul,228,1218.0
Maharashtra,Jul,525,3450.0
Maharashtra,Jan,120,570.0
Maharashtra,Jul,167,852.0
Karnataka,Jun,196,830.0
Karnataka,Apr,240,1130.0
Karnataka,Sep,531,3167.0
Karnataka,Oct,400,2250.0
Karnataka,Jul,497,2929.0
Maharashtra,Jan,133,648.0
Karnataka,Jun,211,927.0
Maharashtra,Sep,467,2986.0
Maharashtra,Dec,352,2066.0
Karnataka,Apr,548,3286.0
Karnataka,Nov,162,660.0
Karnataka,Sep,489,2873.0
Tamil Nadu,Oct,386,1387.0
Tamil Nadu,Feb,203,563.5
Maharashtra,Feb,511,3338.0
Maharashtra,Jul,314,1762.0
Delhi,Jan,279,1284.5
Delhi,Jun,559,3063.0
Karnataka,Jan,139,545.0
Maharashtra,Jun,502,3266.0
Karnataka,May,78,284.0
Maharashtra,May,529,3482.0
Maharashtra,Jun,406,2498.0
Maharashtra,Nov,498,3234.0
Karnataka,Jan,493,2901.0
Delhi,Sep,546,2972.0
Tamil Nadu,Nov,567,2452.0
Maharashtra,Jul,233,1248.0
Karnataka,Apr,106,380.0
Karnataka,Sep,372,2054.0
Karnataka,May,451,2607.0
Maharashtra,Jun,559,3722.0
Delhi,Apr,463,2391.0
Tamil Nadu,Jun,85,262.5
Karnataka,Jan,534,3188.0
Karnataka,Nov,148,590.0
Karnataka,Jan,189,795.0
Karnataka,Aug,318,1676.0
Karnataka,Jul,139,545.0
Maharashtra,Aug,333,1914.0
Karnataka,May,581,3517.0
Maharashtra,Dec,523,3434.0
Karnataka,Oct,137,535.0
Tamil Nadu,Jul,146,415.0
Tamil Nadu,Mar,173,482.5
Delhi,Jan,592,3294.0
Karnataka,Mar,304,1578.0
Karnataka,Dec,348,1886.0
Delhi,Mar,351,1680.5
Tamil Nadu,Jan,592,2602.0
Delhi,Nov,514,2748.0
Delhi,Jun,485,2545.0
Tamil Nadu,Aug,210,595.0
Maharashtra,Jan,160,810.0
Delhi,Jan,467,2419.0
Tamil Nadu,Feb,345,1202.5
Maharashtra,May,174,894.0
Tamil Nadu,Sep,534,2254.0
Karnataka,Jul,346,1872.0
Delhi,Jul,75,312.5
Maharashtra,Jan,445,2810.0
Karnataka,May,380,2110.0
Karnataka,Jan,332,1774.0
Delhi,Mar,552,3014.0
Karnataka,Feb,402,2264.0
Karnataka,Nov,291,1487.0
Tamil Nadu,Jan,203,563.5
Maharashtra,May,218,1158.0
Delhi,Sep,292,1356.0
Maharashtra,Oct,292,1602.0
Delhi,Dec,505,2685.0
Tamil Nadu,Oct,365,1292.5
Tamil Nadu,Jan,257,806.5
Maharashtra,Jul,105,480.0
Delhi,Feb,512,2734.0
Delhi,Oct,89,361.5
Karnataka,May,442,2544.0
Maharashtra,Jul,402,2466.0
Karnataka,Nov,473,2761.0
Karnataka,Jan,342,1844.0
Tamil Nadu,Nov,137,392.5
Maharashtra,Jun,83,382.0
Maharashtra,Sep,518,3394.0
Maharashtra,Jul,496,3218.0
Tamil Nadu,Mar,538,2278.0
Delhi,Oct,485,2545.0
Maharashtra,Jun,494,3202.0
Tamil Nadu,Aug,361,1274.5
Maharashtra,Mar,206,1086.0
Karnataka,Oct,507,2999.0
Tamil Nadu,Aug,189,522.5
Delhi,Mar,96,386.0
Tamil Nadu,Apr,474,1894.0
Maharashtra,Jan,366,2178.0
Delhi,Sep,330,1565.0
Maharashtra,Aug,123,588.0
Tamil Nadu,Oct,93,282.5
Delhi,Oct,469,2433.0
Tamil Nadu,May,531,2236.0
Karnataka,Jun,148,590.0
Karnataka,Jul,522,3104.0
Karnataka,Jan,56,218.0
Delhi,Feb,439,2223.0
Maharashtra,Apr,465,2970.0
Tamil Nadu,Feb,431,1636.0
Tamil Nadu,Jul,375,1337.5
Maharashtra,Sep,179,924.0
Maharashtra,May,493,3194.0
Tamil Nadu,May,180,500.0
Tamil Nadu,Jun,203,563.5
Delhi,May,451,2307.0
Delhi,May,170,685.0
Maharashtra,Jun,116,546.0
Maharashtra,Mar,321,1818.0
Karnataka,Feb,331,1767.0
Maharashtra,Dec,53,262.0
Maharashtra,May,215,1140.0
Maharashtra,Jun,389,2362.0
Delhi,May,263,1196.5
Karnataka,Feb,432,2474.0
Tamil Nadu,Oct,125,362.5
Tamil Nadu,Jul,126,365.0
Karnataka,Mar,493,2901.0
Tamil Nadu,Jun,68,220.0
Delhi,Jun,518,2776.0
Maharashtra,May,173,888.0
Delhi,May,91,368.5
Maharashtra,Apr,153,768.0
Tamil Nadu,Jun,593,2608.0
Maharashtra,Jan,218,1158.0
Karnataka,Jun,172,710.0
Karnataka,Jun,447,2579.0
Delhi,Jul,295,1372.5
Delhi,Apr,406,1992.0
Tamil Nadu,Feb,434,1654.0
Delhi,Jun,442,2244.0
Karnataka,Apr,209,913.0
Maharashtra,May,122,582.0
Maharashtra,Oct,136,666.0
Karnataka,Jan,232,1074.0
Delhi,Apr,170,685.0
Tamil Nadu,May,70,225.0
Delhi,Dec,186,773.0
Karnataka,Jan,531,3167.0
Karnataka,Mar,530,3160.0
Tamil Nadu,Jun,238,721.0
Delhi,Aug,269,1229.5
Karnataka,Apr,491,2887.0
Tamil Nadu,May,556,2386.0
Delhi,Aug,132,512.0
Delhi,Sep,258,1169.0
Maharashtra,Oct,220,1170.0
Delhi,Jan,493,2601.0
Delhi,Dec,171,690.5
Karnataka,Jul,585,3545.0
Delhi,Apr,480,2510.0
Tamil Nadu,Mar,595,2620.0
Tamil Nadu,Dec,300,1000.0
Tamil Nadu,Aug,251,779.5
Maharashtra,May,485,3130.0
Maharashtra,Jun,271,1476.0
Tamil Nadu,Nov,277,896.5
Maharashtra,Oct,112,522.0
Delhi,Jan,113,445.5
Delhi,Sep,78,323.0
Tamil Nadu,Jul,549,2344.0
Karnataka,Apr,268,1326.0
Delhi,Oct,178,729.0
Tamil Nadu,May,128,370.0
Karnataka,Nov,129,495.0
Maharashtra,Feb,257,1392.0
Delhi,Jun,167,668.5
Maharashtra,Jul,240,1290.0
Maharashtra,Jun,115,540.0
Maharashtra,Jun,132,642.0
Delhi,Aug,510,2720.0
Karnataka,Oct,304,1578.0
Maharashtra,Jul,553,3674.0
Tamil Nadu,Jun,565,2440.0
Maharashtra,Oct,378,2274.0
Maharashtra,Jun,332,1906.0
Delhi,Jan,82,337.0
Maharashtra,May,167,852.0
Karnataka,May,541,3237.0
Tamil Nadu,Feb,260,820.0
Delhi,Oct,437,2209.0
Karnataka,Aug,216,962.0
Maharashtra,Feb,235,1260.0
Karnataka,Sep,359,1963.0
Delhi,Apr,584,3238.0
Tamil Nadu,Aug,355,1247.5
Karnataka,Oct,401,2257.0
Delhi,Mar,262,1191.0
Tamil Nadu,May,160,450.0
Delhi,Jun,409,2013.0
Delhi,Jun,287,1328.5
Karnataka,Dec,226,1032.0
Karnataka,Mar,472,2754.0
Karnataka,Nov,283,1431.0
Tamil Nadu,Dec,367,1301.5
Karnataka,Nov,160,650.0
Maharashtra,Aug,411,2538.0
Maharashtra,Nov,402,2466.0
Tamil Nadu,Jul,419,1564.0
Tamil Nadu,Jun,405,1480.0
Karnataka,Jun,210,920.0
Maharashtra,Feb,485,3130.0
Tamil Nadu,Mar,277,896.5
Tamil Nadu,Jul,457,1792.0
Karnataka,Feb,244,1158.0
Tamil Nadu,Dec,278,901.0
Karnataka,Mar,363,1991.0
Karnataka,Sep,442,2544.0
Karnataka,Dec,454,2628.0
Delhi,Apr,104,414.0
Karnataka,Nov,309,1613.0
Karnataka,May,235,1095.0
Maharashtra,Feb,345,2010.0
Maharashtra,Feb,368,2194.0
Karnataka,Feb,382,2124.0
Maharashtra,Aug,401,2458.0
Karnataka,Mar,164,670.0
Karnataka,Mar,126,480.0
Maharashtra,Jun,498,3234.0
Delhi,Dec,50,225.0
Maharashtra,Jul,586,3938.0
Tamil Nadu,Dec,516,2146.0
Maharashtra,Feb,290,1590.0
Tamil Nadu,Oct,418,1558.0
Karnataka,Sep,240,1130.0
Tamil Nadu,Jun,581,2536.0
Delhi,Apr,95,382.5
Delhi,Feb,386,1873.0
Karnataka,Oct,102,360.0
Karnataka,Nov,334,1788.0
Maharashtra,Nov,527,3466.0
Karnataka,Dec,215,955.0
Maharashtra,Mar,488,3154.0
Maharashtra,Apr,316,1778.0
Karnataka,Jan,421,2397.0
Delhi,Oct,568,3126.0
Delhi,Mar,162,641.0
Tamil Nadu,Apr,409,1504.0
Karnataka,Jul,104,370.0
Karnataka,Sep,279,1403.0
Karnataka,Jun,426,2432.0
Delhi,Jul,223,976.5
Karnataka,Jul,374,2068.0
Maharashtra,Jun,105,480.0
Tamil Nadu,Oct,307,1031.5
Karnataka,Feb,472,2754.0
Tamil Nadu,Jul,86,265.0
Maharashtra,May,118,558.0
Delhi,Jul,196,828.0
Delhi,Aug,593,3301.0
Maharashtra,Aug,388,2354.0
Delhi,Nov,150,575.0
Karnataka,Sep,550,3300.0
Maharashtra,May,150,750.0
Karnataka,Oct,399,2243.0
Karnataka,Jan,379,2103.0
Tamil Nadu,Oct,488,1978.0
Tamil Nadu,Dec,224,658.0
Tamil Nadu,Oct,467,1852.0
Maharashtra,Oct,267,1452.0
Karnataka,Oct,588,3566.0
Karnataka,Aug,113,415.0
Tamil Nadu,Dec,578,2518.0
Tamil Nadu,Jan,450,1750.0
Maharashtra,Aug,165,840.0
Delhi,Oct,136,526.0
Delhi,May,131,508.5
Tamil Nadu,Jul,485,1960.0
Tamil Nadu,Dec,517,2152.0
Delhi,Jun,309,1449.5
Delhi,Jan,154,597.0
Karnataka,Feb,593,3601.0
Karnataka,May,296,1522.0
Delhi,Oct,488,2566.0
Karnataka,Mar,244,1158.0
Tamil Nadu,Sep,125,362.5
Karnataka,Sep,307,1599.0
Delhi,Apr,215,932.5
Karnataka,Apr,375,2075.0
Maharashtra,Nov,149,744.0
Tamil Nadu,Sep,240,730.0
Delhi,Oct,302,1411.0
Tamil Nadu,Feb,75,237.5
Delhi,Dec,212,916.0
Karnataka,May,76,278.0
Karnataka,Jan,234,1088.0
Karnataka,Feb,577,3489.0
Delhi,Jan,326,1543.0
Karnataka,May,175,725.0
Tamil Nadu,Aug,596,2626.0
Maharashtra,Jul,243,1308.0
Delhi,Oct,170,685.0
Maharashtra,Dec,78,362.0
Maharashtra,Nov,395,2410.0
Karnataka,Jan,517,3069.0
Tamil Nadu,Feb,258,811.0
Karnataka,Sep,359,1963.0
Delhi,May,456,2342.0
Delhi,Nov,168,674.0
Delhi,Aug,507,2699.0
Karnataka,Dec,91,323.0
Karnataka,Jun,61,233.0
Delhi,Sep,169,679.5
Tamil Nadu,Jan,170,475.0
Maharashtra,Apr,254,1374.0
Tamil Nadu,Sep,158,445.0
Karnataka,Sep,443,2551.0
Tamil Nadu,Mar,544,2314.0
Karnataka,Aug,125,475.0
Karnataka,Jan,98,344.0
Maharashtra,Apr,144,714.0
Karnataka,Feb,483,2831.0
Delhi,Jun,229,1009.5
Tamil Nadu,Nov,250,775.0
Karnataka,Mar,589,3573.0
Karnataka,Apr,323,1711.0
Karnataka,Aug,436,2502.0
Tamil Nadu,Oct,286,937.0
Karnataka,Jun,267,1319.0
Karnataka,Jul,345,1865.0
Karnataka,Sep,401,2257.0
Maharashtra,Sep,345,2010.0
Tamil Nadu,Jan,415,1540.0
Delhi,Jul,572,3154.0
Delhi,Jun,386,1873.0
Maharashtra,Nov,571,3818.0
Karnataka,Jul,257,1249.0
Tamil Nadu,Jun,563,2428.0
Maharashtra,Jul,148,738.0
Karnataka,Jul,485,2845.0
Maharashtra,Feb,315,1770.0
Karnataka,Oct,528,3146.0
Delhi,Oct,554,3028.0
Karnataka,Jul,513,3041.0
Karnataka,Jun,407,2299.0
Tamil Nadu,Nov,495,2020.0
Maharashtra,Jan,402,2466.0
Tamil Nadu,Nov,361,1274.5
Maharashtra,May,411,2538.0
Tamil Nadu,Oct,366,1297.0
Maharashtra,Apr,269,1464.0
Delhi,Dec,237,1053.5
Karnataka,Oct,529,3153.0
Karnataka,Dec,515,3055.0
Maharashtra,Feb,365,2170.0
